method,run,phase_name,bestsqs_path,native_scale_objective,native_scale_computed,mcsqs_reported_objective,corrdump_objective,pair_objective,epa_eV
mcsqs,1,BCCmcsqs1,"/Users/chasekatz/Desktop/School/Research/PhaseForge/PhaseForge/atat/data/sqsdb/BCCmcsqs1_3/sqsdb_lev=0_a=0.33333,0.33333,0.33333/bestsqs.out",-46.24288,-46.24275987034619,-46.24288,-0.0083280907,-9.457867407407423e-05,-10.6555455625
mcsqs,2,BCCmcsqs2,"/Users/chasekatz/Desktop/School/Research/PhaseForge/PhaseForge/atat/data/sqsdb/BCCmcsqs2_3/sqsdb_lev=0_a=0.33333,0.33333,0.33333/bestsqs.out",-46.242545,-46.242595190938474,-46.242545,-0.007932487,-5.874018518518531e-06,-10.6535714375
mcsqs,3,BCCmcsqs3,"/Users/chasekatz/Desktop/School/Research/PhaseForge/PhaseForge/atat/data/sqsdb/BCCmcsqs3_3/sqsdb_lev=0_a=0.33333,0.33333,0.33333/bestsqs.out",-46.242346,-46.24193033936634,-46.242346,-0.010158919399999999,-0.00018296582962963013,-10.656129833333333
mcsqs,4,BCCmcsqs4,"/Users/chasekatz/Desktop/School/Research/PhaseForge/PhaseForge/atat/data/sqsdb/BCCmcsqs4_3/sqsdb_lev=0_a=0.33333,0.33333,0.33333/bestsqs.out",-46.242213,-46.241819299668315,-46.242213,-0.0120144806,-0.00011212117407407402,-10.6554999375
mcsqs,5,BCCmcsqs5,"/Users/chasekatz/Desktop/School/Research/PhaseForge/PhaseForge/atat/data/sqsdb/BCCmcsqs5_3/sqsdb_lev=0_a=0.33333,0.33333,0.33333/bestsqs.out",-46.242182,-46.24201546741653,-46.242182,-0.0103873671,-0.00025985645185185177,-10.654089291666667
mcsqs,6,BCCmcsqs6,"/Users/chasekatz/Desktop/School/Research/PhaseForge/PhaseForge/atat/data/sqsdb/BCCmcsqs6_3/sqsdb_lev=0_a=0.33333,0.33333,0.33333/bestsqs.out",-46.242663,-46.24286782728082,-46.242663,-0.0089658586,-8.274477407407435e-05,-10.654903416666667
mcsqs,7,BCCmcsqs7,"/Users/chasekatz/Desktop/School/Research/PhaseForge/PhaseForge/atat/data/sqsdb/BCCmcsqs7_3/sqsdb_lev=0_a=0.33333,0.33333,0.33333/bestsqs.out",-46.242356,-46.242431662053484,-46.242356,-0.0103436401,-5.315005185185202e-05,-10.654649583333333
mcsqs,8,BCCmcsqs8,"/Users/chasekatz/Desktop/School/Research/PhaseForge/PhaseForge/atat/data/sqsdb/BCCmcsqs8_3/sqsdb_lev=0_a=0.33333,0.33333,0.33333/bestsqs.out",-46.24233,-46.24167257621588,-46.24233,-0.0156912717,-0.00011808775185185181,-10.653404708333333
mcsqs,9,BCCmcsqs9,"/Users/chasekatz/Desktop/School/Research/PhaseForge/PhaseForge/atat/data/sqsdb/BCCmcsqs9_3/sqsdb_lev=0_a=0.33333,0.33333,0.33333/bestsqs.out",-46.242013,-46.24150695102864,-46.242013,-0.0116382158,-0.0004370673074074076,-10.654355520833333
mcsqs,10,BCCmcsqs10,"/Users/chasekatz/Desktop/School/Research/PhaseForge/PhaseForge/atat/data/sqsdb/BCCmcsqs10_3/sqsdb_lev=0_a=0.33333,0.33333,0.33333/bestsqs.out",-46.242428,-46.2425022043795,-46.242428,-0.009098354099999999,-0.00024197660740740796,-10.655633916666668
SCRAPS,1,BCCscraps1,"/Users/chasekatz/Desktop/School/Research/PhaseForge/PhaseForge/atat/data/sqsdb/BCCscraps1_3/sqsdb_lev=0_a=0.33333,0.33333,0.33333/bestsqs.out",-46.23870363661056,-46.23870363661056,,-0.0280922135,-0.0014704601851851862,-10.653149604166666
SCRAPS,2,BCCscraps2,"/Users/chasekatz/Desktop/School/Research/PhaseForge/PhaseForge/atat/data/sqsdb/BCCscraps2_3/sqsdb_lev=0_a=0.33333,0.33333,0.33333/bestsqs.out",-46.238968314074,-46.238968314074,,-0.0202108131,-0.0007442725185185186,-10.654940916666666
SCRAPS,3,BCCscraps3,"/Users/chasekatz/Desktop/School/Research/PhaseForge/PhaseForge/atat/data/sqsdb/BCCscraps3_3/sqsdb_lev=0_a=0.33333,0.33333,0.33333/bestsqs.out",-46.238407463301364,-46.238407463301364,,-0.0278160308,-0.0022971665185185204,-10.654054166666667
SCRAPS,4,BCCscraps4,"/Users/chasekatz/Desktop/School/Research/PhaseForge/PhaseForge/atat/data/sqsdb/BCCscraps4_3/sqsdb_lev=0_a=0.33333,0.33333,0.33333/bestsqs.out",-46.23943824310061,-46.23943824310061,,-0.0241140438,-0.00018296582962963013,-10.653651229166668
SCRAPS,5,BCCscraps5,"/Users/chasekatz/Desktop/School/Research/PhaseForge/PhaseForge/atat/data/sqsdb/BCCscraps5_3/sqsdb_lev=0_a=0.33333,0.33333,0.33333/bestsqs.out",-46.23956392735884,-46.23956392735884,,-0.022284047600000002,-0.0010391279629629626,-10.652122020833334
SCRAPS,6,BCCscraps6,"/Users/chasekatz/Desktop/School/Research/PhaseForge/PhaseForge/atat/data/sqsdb/BCCscraps6_3/sqsdb_lev=0_a=0.33333,0.33333,0.33333/bestsqs.out",-46.237037356489466,-46.237037356489466,,-0.028287240199999997,-0.003165360962962964,-10.656388291666667
SCRAPS,7,BCCscraps7,"/Users/chasekatz/Desktop/School/Research/PhaseForge/PhaseForge/atat/data/sqsdb/BCCscraps7_3/sqsdb_lev=0_a=0.33333,0.33333,0.33333/bestsqs.out",-46.2398793783191,-46.2398793783191,,-0.0172022664,-0.0007439352185185189,-10.6544698125
SCRAPS,8,BCCscraps8,"/Users/chasekatz/Desktop/School/Research/PhaseForge/PhaseForge/atat/data/sqsdb/BCCscraps8_3/sqsdb_lev=0_a=0.33333,0.33333,0.33333/bestsqs.out",-46.239846990074135,-46.239846990074135,,-0.0248976881,-0.0014527589407407396,-10.655808604166667
SCRAPS,9,BCCscraps9,"/Users/chasekatz/Desktop/School/Research/PhaseForge/PhaseForge/atat/data/sqsdb/BCCscraps9_3/sqsdb_lev=0_a=0.33333,0.33333,0.33333/bestsqs.out",-46.23827613127711,-46.23827613127711,,-0.02558896,-0.0008328383185185193,-10.654298145833334
SCRAPS,10,BCCscraps10,"/Users/chasekatz/Desktop/School/Research/PhaseForge/PhaseForge/atat/data/sqsdb/BCCscraps10_3/sqsdb_lev=0_a=0.33333,0.33333,0.33333/bestsqs.out",-46.23786112405937,-46.23786112405937,,-0.030966813800000003,-0.0007619737629629627,-10.65406275
Random,1,BCCrandom1,"/Users/chasekatz/Desktop/School/Research/PhaseForge/PhaseForge/atat/data/sqsdb/BCCrandom1_3/sqsdb_lev=0_a=0.33333,0.33333,0.33333/bestsqs.out",-46.23521013130692,-46.23521013130692,,-0.045727134399999994,-0.0036083683407407423,-10.655530458333333
Random,2,BCCrandom2,"/Users/chasekatz/Desktop/School/Research/PhaseForge/PhaseForge/atat/data/sqsdb/BCCrandom2_3/sqsdb_lev=0_a=0.33333,0.33333,0.33333/bestsqs.out",-46.23766351933014,-46.23766351933014,,-0.0207795075,-0.003035545185185184,-10.6551593125
Random,3,BCCrandom3,"/Users/chasekatz/Desktop/School/Research/PhaseForge/PhaseForge/atat/data/sqsdb/BCCrandom3_3/sqsdb_lev=0_a=0.33333,0.33333,0.33333/bestsqs.out",-46.23720700831342,-46.23720700831342,,-0.0260158229,-0.0016293547407407413,-10.652871124999999
Random,4,BCCrandom4,"/Users/chasekatz/Desktop/School/Research/PhaseForge/PhaseForge/atat/data/sqsdb/BCCrandom4_3/sqsdb_lev=0_a=0.33333,0.33333,0.33333/bestsqs.out",-46.23757532336397,-46.23757532336397,,-0.0250080867,-0.00035442840740740756,-10.6567401875
Random,5,BCCrandom5,"/Users/chasekatz/Desktop/School/Research/PhaseForge/PhaseForge/atat/data/sqsdb/BCCrandom5_3/sqsdb_lev=0_a=0.33333,0.33333,0.33333/bestsqs.out",-46.23650412723661,-46.23650412723661,,-0.026004203400000002,-0.001305003807407408,-10.655413458333333
Random,6,BCCrandom6,"/Users/chasekatz/Desktop/School/Research/PhaseForge/PhaseForge/atat/data/sqsdb/BCCrandom6_3/sqsdb_lev=0_a=0.33333,0.33333,0.33333/bestsqs.out",-46.23522509788335,-46.23522509788335,,-0.0334446784,-0.0008801342407407416,-10.655860104166667
Random,7,BCCrandom7,"/Users/chasekatz/Desktop/School/Research/PhaseForge/PhaseForge/atat/data/sqsdb/BCCrandom7_3/sqsdb_lev=0_a=0.33333,0.33333,0.33333/bestsqs.out",-46.236246434379915,-46.236246434379915,,-0.0357938443,-0.0017479913629629635,-10.652101041666667
Random,8,BCCrandom8,"/Users/chasekatz/Desktop/School/Research/PhaseForge/PhaseForge/atat/data/sqsdb/BCCrandom8_3/sqsdb_lev=0_a=0.33333,0.33333,0.33333/bestsqs.out",-46.23698335492673,-46.23698335492673,,-0.026113513100000003,-0.0012164578851851862,-10.654498416666668
Random,9,BCCrandom9,"/Users/chasekatz/Desktop/School/Research/PhaseForge/PhaseForge/atat/data/sqsdb/BCCrandom9_3/sqsdb_lev=0_a=0.33333,0.33333,0.33333/bestsqs.out",-46.23703617353413,-46.23703617353413,,-0.0226282726,-0.0026336291518518503,-10.650890354166666
Random,10,BCCrandom10,"/Users/chasekatz/Desktop/School/Research/PhaseForge/PhaseForge/atat/data/sqsdb/BCCrandom10_3/sqsdb_lev=0_a=0.33333,0.33333,0.33333/bestsqs.out",-46.23773966313077,-46.23773966313077,,-0.0213544666,-0.001305003807407408,-10.650787666666666
